year,month,day_endofweek,statefips,initial_claims,initial_claims_rate,total_claims,total_claims_rate
2020,1,4,1,4578,0.204,23101,1.03
2020,1,4,2,981,0.282,11158,3.21
2020,1,4,4,3132,0.0882,21123,0.595
2020,1,4,5,2576,0.189,17899,1.31
2020,1,4,6,36720,0.189,396326,2.04
2020,1,4,8,2431,0.0772,23822,0.757
2020,1,4,9,7852,0.41,54414,2.84
2020,1,4,10,875,0.18,7756,1.59
2020,1,4,11,481,0.117,7679,1.87
2020,1,4,12,4618,0.0447,40807,0.395
2020,1,4,13,17060,0.334,55764,1.09
2020,1,4,15,1825,0.274,8638,1.3
2020,1,4,16,2957,0.335,11811,1.34
2020,1,4,17,11779,0.183,137127,2.13
2020,1,4,18,4434,0.131,24496,0.723
2020,1,4,19,4586,0.264,39135,2.25
2020,1,4,20,2019,0.136,13194,0.888
2020,1,4,21,5175,0.25,27690,1.34
2020,1,4,22,1658,0.0791,18211,0.869
2020,1,4,23,1663,0.24,9491,1.37
2020,1,4,24,3997,0.123,34568,1.06
2020,1,4,25,9464,0.248,85992,2.25
2020,1,4,26,13207,0.267,85310,1.73
2020,1,4,27,7293,0.235,75519,2.43
2020,1,4,28,1178,0.0923,10859,0.851
2020,1,4,29,7474,0.242,37259,1.21
2020,1,4,30,1555,0.291,12611,2.36
2020,1,4,31,1099,0.106,6264,0.605
2020,1,4,32,2264,0.147,23065,1.5
2020,1,4,33,690,0.0892,5158,0.667
2020,1,4,34,15325,0.341,126660,2.82
2020,1,4,35,799,0.0837,10939,1.15
2020,1,4,36,44846,0.471,226514,2.38
2020,1,4,37,3508,0.069,24356,0.479
2020,1,4,38,836,0.207,6621,1.64
2020,1,4,39,10759,0.185,84046,1.45
2020,1,4,40,2943,0.16,21023,1.14
2020,1,4,41,6714,0.319,42165,2
2020,1,4,42,27298,0.421,162709,2.51
2020,1,4,44,1972,0.355,14081,2.53
2020,1,4,45,7471,0.314,26393,1.11
2020,1,4,46,398,0.0858,3196,0.689
2020,1,4,47,3084,0.0922,25247,0.755
2020,1,4,48,12367,0.0881,153840,1.1
2020,1,4,49,1518,0.0944,12846,0.799
2020,1,4,50,680,0.199,6097,1.78
2020,1,4,51,3188,0.0723,25359,0.575
2020,1,4,53,10024,0.256,80387,2.05
2020,1,4,54,1564,0.196,17451,2.19
2020,1,4,55,12854,0.414,62459,2.01
2020,1,4,56,662,0.227,3881,1.33
2020,1,11,1,3629,0.162,24772,1.11
2020,1,11,2,1371,0.394,10681,3.07
2020,1,11,4,4654,0.131,22913,0.645
2020,1,11,5,2493,0.183,18029,1.32
2020,1,11,6,51993,0.268,408369,2.1
2020,1,11,8,3001,0.0953,24493,0.778
2020,1,11,9,5986,0.313,53526,2.8
2020,1,11,10,1107,0.227,8190,1.68
2020,1,11,11,706,0.172,7808,1.9
2020,1,11,12,6862,0.0664,41886,0.405
2020,1,11,13,17962,0.351,65444,1.28
2020,1,11,15,1826,0.275,9675,1.45
2020,1,11,16,2131,0.242,13614,1.54
2020,1,11,17,12703,0.197,149226,2.31
2020,1,11,18,4890,0.144,26414,0.78
2020,1,11,19,4836,0.278,39376,2.26
2020,1,11,20,2140,0.144,13571,0.913
2020,1,11,21,3968,0.191,29092,1.4
2020,1,11,22,2521,0.12,18478,0.882
2020,1,11,23,1561,0.225,9393,1.36
2020,1,11,24,4627,0.142,35919,1.1
2020,1,11,25,8784,0.23,88305,2.31
2020,1,11,26,14245,0.289,104005,2.11
2020,1,11,27,5933,0.191,72310,2.33
2020,1,11,28,1515,0.119,11051,0.866
2020,1,11,29,10913,0.354,41053,1.33
2020,1,11,30,1755,0.329,13511,2.53
2020,1,11,31,1171,0.113,6865,0.663
2020,1,11,32,2792,0.181,22615,1.47
2020,1,11,33,722,0.0933,5297,0.685
2020,1,11,34,13469,0.3,133930,2.98
2020,1,11,35,1194,0.125,11504,1.21
2020,1,11,36,23314,0.245,207597,2.18
2020,1,11,37,4628,0.0911,25867,0.509
2020,1,11,38,1530,0.379,7701,1.91
2020,1,11,39,9957,0.172,88348,1.52
2020,1,11,40,2034,0.11,21421,1.16
2020,1,11,41,6215,0.295,42254,2.01
2020,1,11,42,26356,0.406,190238,2.93
2020,1,11,44,1817,0.327,14116,2.54
2020,1,11,45,4629,0.195,26216,1.1
2020,1,11,46,468,0.101,3438,0.741
2020,1,11,47,3711,0.111,26109,0.781
2020,1,11,48,21902,0.156,162670,1.16
2020,1,11,49,1834,0.114,13621,0.847
2020,1,11,50,649,0.19,6258,1.83
2020,1,11,51,3643,0.0826,27220,0.617
2020,1,11,53,9069,0.232,79283,2.03
2020,1,11,54,2638,0.331,20664,2.59
2020,1,11,55,8255,0.266,61560,1.98
2020,1,11,56,829,0.284,4131,1.41
2020,1,18,1,2483,0.111,19885,0.887
2020,1,18,2,1181,0.34,11165,3.21
2020,1,18,4,4152,0.117,22573,0.636
2020,1,18,5,1729,0.127,14958,1.1
2020,1,18,6,64858,0.334,441805,2.28
2020,1,18,8,2522,0.0801,23626,0.75
2020,1,18,9,3776,0.197,46259,2.42
2020,1,18,10,830,0.17,6797,1.39
2020,1,18,11,594,0.145,7865,1.92
2020,1,18,12,6088,0.0589,40806,0.395
2020,1,18,13,8161,0.16,40240,0.787
2020,1,18,15,1234,0.186,7857,1.18
2020,1,18,16,2172,0.246,14103,1.6
2020,1,18,17,14807,0.23,148774,2.31
2020,1,18,18,3741,0.11,25367,0.749
2020,1,18,19,3615,0.208,33240,1.91
2020,1,18,20,2402,0.162,13040,0.877
2020,1,18,21,3084,0.149,27150,1.31
2020,1,18,22,2008,0.0958,18084,0.863
2020,1,18,23,959,0.138,9620,1.39
2020,1,18,24,3739,0.115,32942,1.01
2020,1,18,25,6940,0.182,82016,2.15
2020,1,18,26,10304,0.209,94440,1.91
2020,1,18,27,4463,0.144,67091,2.16
2020,1,18,28,1135,0.0889,9939,0.779
2020,1,18,29,4938,0.16,34883,1.13
2020,1,18,30,1236,0.232,12490,2.34
2020,1,18,31,988,0.0954,5928,0.573
2020,1,18,32,2451,0.159,21779,1.41
2020,1,18,33,613,0.0792,4828,0.624
2020,1,18,34,10728,0.239,119153,2.65
2020,1,18,35,947,0.0992,10867,1.14
2020,1,18,36,17823,0.187,182411,1.92
2020,1,18,37,4217,0.083,26464,0.521
2020,1,18,38,785,0.194,7594,1.88
2020,1,18,39,7865,0.136,80720,1.39
2020,1,18,40,1981,0.108,19448,1.06
2020,1,18,41,4051,0.193,35655,1.69
2020,1,18,42,16218,0.25,158544,2.44
2020,1,18,44,1194,0.215,12181,2.19
2020,1,18,45,3126,0.132,21906,0.922
2020,1,18,46,338,0.0728,3333,0.718
2020,1,18,47,3093,0.0925,23534,0.704
2020,1,18,48,15783,0.112,160909,1.15
2020,1,18,49,1458,0.0907,13519,0.841
2020,1,18,50,755,0.221,5716,1.67
2020,1,18,51,2831,0.0642,25049,0.568
2020,1,18,53,9079,0.232,74982,1.92
2020,1,18,54,1895,0.238,19576,2.46
2020,1,18,55,6388,0.206,51164,1.65
2020,1,18,56,636,0.218,3937,1.35
2020,1,25,1,2129,0.095,20519,0.915
2020,1,25,2,1003,0.288,10499,3.02
2020,1,25,4,3475,0.0979,21876,0.616
2020,1,25,5,1683,0.124,14014,1.03
2020,1,25,6,45596,0.235,381865,1.97
2020,1,25,8,2164,0.0687,24902,0.791
2020,1,25,9,2949,0.154,44709,2.34
2020,1,25,10,674,0.138,6377,1.31
2020,1,25,11,534,0.13,7683,1.87
2020,1,25,12,5206,0.0504,38553,0.373
2020,1,25,13,5257,0.103,34255,0.67
2020,1,25,15,1014,0.152,7421,1.12
2020,1,25,16,1821,0.206,13654,1.55
2020,1,25,17,9762,0.151,141231,2.19
2020,1,25,18,2956,0.0873,24322,0.718
2020,1,25,19,3115,0.179,33484,1.93
2020,1,25,20,2557,0.172,13739,0.924
2020,1,25,21,2569,0.124,25443,1.23
2020,1,25,22,1878,0.0896,17378,0.829
2020,1,25,23,944,0.136,9401,1.36
2020,1,25,24,3283,0.101,32514,0.997
2020,1,25,25,6022,0.158,81551,2.14
2020,1,25,26,7678,0.156,98984,2
2020,1,25,27,3931,0.126,65635,2.11
2020,1,25,28,993,0.0778,9555,0.749
2020,1,25,29,5474,0.178,34644,1.12
2020,1,25,30,922,0.173,12752,2.39
2020,1,25,31,960,0.0927,6067,0.586
2020,1,25,32,2101,0.136,21126,1.37
2020,1,25,33,577,0.0746,4779,0.618
2020,1,25,34,9325,0.208,116407,2.59
2020,1,25,35,764,0.08,10901,1.14
2020,1,25,36,15022,0.158,179066,1.88
2020,1,25,37,3344,0.0658,25759,0.507
2020,1,25,38,543,0.135,7722,1.91
2020,1,25,39,8086,0.139,80088,1.38
2020,1,25,40,1830,0.0994,19121,1.04
2020,1,25,41,4457,0.212,36763,1.75
2020,1,25,42,13359,0.206,153386,2.36
2020,1,25,44,1048,0.189,11798,2.12
2020,1,25,45,2248,0.0946,19361,0.815
2020,1,25,46,291,0.0627,3362,0.725
2020,1,25,47,2484,0.0743,23270,0.696
2020,1,25,48,13070,0.0931,145726,1.04
2020,1,25,49,1271,0.0791,13332,0.829
2020,1,25,50,518,0.151,5504,1.61
2020,1,25,51,3059,0.0693,24720,0.56
2020,1,25,53,8072,0.206,75777,1.94
2020,1,25,54,1290,0.162,18035,2.26
2020,1,25,55,6134,0.198,50211,1.62
2020,1,25,56,531,0.182,3885,1.33
2020,2,1,1,2170,0.0968,19454,0.868
2020,2,1,2,1122,0.323,10701,3.08
2020,2,1,4,3807,0.107,22661,0.638
2020,2,1,5,1837,0.135,15047,1.1
2020,2,1,6,43458,0.224,431799,2.22
2020,2,1,8,2049,0.0651,23609,0.75
2020,2,1,9,2994,0.156,44719,2.34
2020,2,1,10,622,0.128,7452,1.53
2020,2,1,11,539,0.131,7678,1.87
2020,2,1,12,5457,0.0528,41328,0.4
2020,2,1,13,5199,0.102,33531,0.656
2020,2,1,15,1135,0.171,7205,1.08
2020,2,1,16,1446,0.164,12783,1.45
2020,2,1,17,9343,0.145,152582,2.37
2020,2,1,18,3016,0.089,25033,0.739
2020,2,1,19,3066,0.176,33956,1.95
2020,2,1,20,2000,0.135,14301,0.962
2020,2,1,21,2625,0.127,25844,1.25
2020,2,1,22,2058,0.0982,18247,0.871
2020,2,1,23,881,0.127,9797,1.41
2020,2,1,24,3203,0.0982,32991,1.01
2020,2,1,25,5523,0.145,82450,2.16
2020,2,1,26,6869,0.139,89644,1.82
2020,2,1,27,3700,0.119,65889,2.12
2020,2,1,28,963,0.0755,9637,0.755
2020,2,1,29,4801,0.156,34655,1.12
2020,2,1,30,902,0.169,12429,2.33
2020,2,1,31,833,0.0805,6717,0.649
2020,2,1,32,2286,0.148,21463,1.39
2020,2,1,33,456,0.0589,4489,0.58
2020,2,1,34,8304,0.185,118326,2.63
2020,2,1,35,784,0.0821,10850,1.14
2020,2,1,36,16545,0.174,182260,1.92
2020,2,1,37,3611,0.0711,25953,0.511
2020,2,1,38,447,0.111,7229,1.79
2020,2,1,39,7329,0.126,79951,1.38
2020,2,1,40,1779,0.0966,19230,1.04
2020,2,1,41,4853,0.231,36729,1.75
2020,2,1,42,15893,0.245,151844,2.34
2020,2,1,44,971,0.175,12013,2.16
2020,2,1,45,2099,0.0883,19160,0.806
2020,2,1,46,217,0.0468,3372,0.727
2020,2,1,47,2362,0.0706,23726,0.709
2020,2,1,48,13818,0.0984,154644,1.1
2020,2,1,49,1290,0.0802,13162,0.819
2020,2,1,50,481,0.141,5487,1.6
2020,2,1,51,2575,0.0584,24838,0.563
2020,2,1,53,6619,0.169,71879,1.84
2020,2,1,54,1364,0.171,18269,2.29
2020,2,1,55,6280,0.202,50705,1.63
2020,2,1,56,529,0.181,4004,1.37
2020,2,8,1,2176,0.0971,18921,0.844
2020,2,8,2,980,0.282,10141,2.92
2020,2,8,4,3636,0.102,22097,0.622
2020,2,8,5,1724,0.127,14688,1.08
2020,2,8,6,40392,0.208,399548,2.06
2020,2,8,8,2482,0.0788,25363,0.805
2020,2,8,9,2944,0.154,44577,2.33
2020,2,8,10,608,0.125,6496,1.33
2020,2,8,11,508,0.124,7664,1.87
2020,2,8,12,5605,0.0542,38781,0.375
2020,2,8,13,5577,0.109,32561,0.637
2020,2,8,15,1137,0.171,7342,1.1
2020,2,8,16,1443,0.164,12832,1.46
2020,2,8,17,9794,0.152,140694,2.18
2020,2,8,18,2725,0.0804,24937,0.736
2020,2,8,19,2379,0.137,33168,1.91
2020,2,8,20,2107,0.142,13916,0.936
2020,2,8,21,2936,0.142,25873,1.25
2020,2,8,22,1805,0.0861,16856,0.804
2020,2,8,23,702,0.101,9511,1.37
2020,2,8,24,3150,0.0966,32492,0.996
2020,2,8,25,5878,0.154,82370,2.16
2020,2,8,26,6627,0.134,86460,1.75
2020,2,8,27,4108,0.132,68213,2.19
2020,2,8,28,968,0.0759,9229,0.723
2020,2,8,29,3670,0.119,31576,1.02
2020,2,8,30,935,0.175,12424,2.33
2020,2,8,31,675,0.0652,6368,0.615
2020,2,8,32,2794,0.181,22019,1.43
2020,2,8,33,507,0.0655,4557,0.589
2020,2,8,34,9288,0.207,119219,2.65
2020,2,8,35,873,0.0915,10838,1.14
2020,2,8,36,15010,0.158,178403,1.88
2020,2,8,37,3326,0.0655,25370,0.499
2020,2,8,38,526,0.13,7364,1.82
2020,2,8,39,6825,0.118,78267,1.35
2020,2,8,40,1715,0.0931,19472,1.06
2020,2,8,41,4953,0.235,36611,1.74
2020,2,8,42,14425,0.222,156429,2.41
2020,2,8,44,959,0.173,12010,2.16
2020,2,8,45,2054,0.0864,18723,0.788
2020,2,8,46,223,0.0481,3340,0.72
2020,2,8,47,2161,0.0646,22831,0.683
2020,2,8,48,13869,0.0987,142535,1.01
2020,2,8,49,1303,0.081,13490,0.839
2020,2,8,50,475,0.139,5299,1.55
2020,2,8,51,3097,0.0702,25146,0.57
2020,2,8,53,7161,0.183,71305,1.82
2020,2,8,54,1206,0.151,17794,2.23
2020,2,8,55,6579,0.212,51056,1.64
2020,2,8,56,589,0.202,4096,1.4
2020,2,15,1,1981,0.0884,18552,0.828
2020,2,15,2,915,0.263,10258,2.95
2020,2,15,4,3538,0.0996,22054,0.621
2020,2,15,5,1602,0.118,14581,1.07
2020,2,15,6,43445,0.224,418750,2.16
2020,2,15,8,2209,0.0702,24285,0.771
2020,2,15,9,2520,0.132,41904,2.19
2020,2,15,10,610,0.125,6527,1.34
2020,2,15,11,473,0.115,7552,1.84
2020,2,15,12,5229,0.0506,39678,0.384
2020,2,15,13,6277,0.123,33594,0.657
2020,2,15,15,1199,0.18,7320,1.1
2020,2,15,16,1356,0.154,12690,1.44
2020,2,15,17,8045,0.125,141810,2.2
2020,2,15,18,2556,0.0755,24908,0.735
2020,2,15,19,2239,0.129,33038,1.9
2020,2,15,20,2076,0.14,13742,0.924
2020,2,15,21,2813,0.136,25889,1.25
2020,2,15,22,1739,0.083,16796,0.802
2020,2,15,23,790,0.114,9686,1.4
2020,2,15,24,3048,0.0935,32267,0.99
2020,2,15,25,5393,0.141,82305,2.16
2020,2,15,26,5587,0.113,84736,1.72
2020,2,15,27,3641,0.117,67597,2.17
2020,2,15,28,861,0.0675,9077,0.711
2020,2,15,29,3363,0.109,30725,0.997
2020,2,15,30,921,0.173,12400,2.32
2020,2,15,31,537,0.0519,6341,0.613
2020,2,15,32,2543,0.165,22128,1.43
2020,2,15,33,424,0.0548,4439,0.574
2020,2,15,34,8550,0.19,118566,2.64
2020,2,15,35,725,0.0759,10712,1.12
2020,2,15,36,14333,0.151,178444,1.88
2020,2,15,37,3094,0.0609,25066,0.493
2020,2,15,38,457,0.113,7381,1.83
2020,2,15,39,6532,0.113,77746,1.34
2020,2,15,40,1633,0.0887,19146,1.04
2020,2,15,41,4284,0.204,35451,1.68
2020,2,15,42,13583,0.209,149732,2.31
2020,2,15,44,996,0.179,12160,2.19
2020,2,15,45,2088,0.0879,18635,0.784
2020,2,15,46,194,0.0418,3390,0.731
2020,2,15,47,2140,0.064,22625,0.676
2020,2,15,48,12790,0.0911,146265,1.04
2020,2,15,49,1097,0.0682,13228,0.823
2020,2,15,50,543,0.159,5474,1.6
2020,2,15,51,2693,0.061,25174,0.571
2020,2,15,53,6311,0.161,68130,1.74
2020,2,15,54,1172,0.147,18028,2.26
2020,2,15,55,5808,0.187,49971,1.61
2020,2,15,56,598,0.205,4297,1.47
2020,2,22,1,1735,0.0774,17794,0.794
2020,2,22,2,773,0.222,9637,2.77
2020,2,22,4,3151,0.0887,21368,0.602
2020,2,22,5,1055,0.0774,13601,0.998
2020,2,22,6,34979,0.18,384231,1.98
2020,2,22,8,1862,0.0591,25556,0.812
2020,2,22,9,2435,0.127,44126,2.31
2020,2,22,10,632,0.13,6553,1.34
2020,2,22,11,422,0.103,7425,1.81
2020,2,22,12,4861,0.047,38431,0.372
2020,2,22,13,5030,0.0984,31993,0.626
2020,2,22,15,1020,0.153,7243,1.09
2020,2,22,16,1114,0.126,12389,1.4
2020,2,22,17,11812,0.183,142983,2.22
2020,2,22,18,2979,0.0879,25892,0.764
2020,2,22,19,2631,0.151,33372,1.92
2020,2,22,20,1494,0.1,13497,0.908
2020,2,22,21,2508,0.121,25131,1.21
2020,2,22,22,1798,0.0858,16438,0.784
2020,2,22,23,737,0.106,9361,1.35
2020,2,22,24,2700,0.0828,31795,0.975
2020,2,22,25,9264,0.243,86355,2.26
2020,2,22,26,5942,0.12,83971,1.7
2020,2,22,27,3539,0.114,65739,2.11
2020,2,22,28,827,0.0648,8749,0.686
2020,2,22,29,3063,0.0993,30098,0.976
2020,2,22,30,795,0.149,12103,2.27
2020,2,22,31,493,0.0476,6273,0.606
2020,2,22,32,2052,0.133,21524,1.4
2020,2,22,33,444,0.0574,4380,0.566
2020,2,22,34,8396,0.187,117661,2.62
2020,2,22,35,737,0.0772,10788,1.13
2020,2,22,36,14144,0.149,177364,1.86
2020,2,22,37,2852,0.0561,24482,0.482
2020,2,22,38,435,0.108,7321,1.81
2020,2,22,39,6208,0.107,77132,1.33
2020,2,22,40,1509,0.082,18778,1.02
2020,2,22,41,3514,0.167,34062,1.62
2020,2,22,42,12631,0.195,154937,2.39
2020,2,22,44,1921,0.346,13120,2.36
2020,2,22,45,1824,0.0768,18063,0.76
2020,2,22,46,191,0.0412,3355,0.723
2020,2,22,47,1855,0.0555,21994,0.658
2020,2,22,48,12047,0.0858,139322,0.992
2020,2,22,49,1008,0.0627,12968,0.807
2020,2,22,50,610,0.178,5482,1.6
2020,2,22,51,2079,0.0471,24572,0.557
2020,2,22,53,5585,0.143,65404,1.67
2020,2,22,54,1207,0.151,18562,2.33
2020,2,22,55,6098,0.196,50094,1.61
2020,2,22,56,389,0.133,4000,1.37
2020,2,29,1,1575,0.0703,16296,0.727
2020,2,29,2,874,0.251,9812,2.82
2020,2,29,4,3086,0.0869,21223,0.598
2020,2,29,5,1418,0.104,13662,1
2020,2,29,6,41678,0.215,411666,2.12
2020,2,29,8,1681,0.0534,24090,0.765
2020,2,29,9,2843,0.149,45011,2.35
2020,2,29,10,524,0.108,7266,1.49
2020,2,29,11,452,0.11,7472,1.82
2020,2,29,12,4853,0.0469,38274,0.37
2020,2,29,13,5538,0.108,32496,0.636
2020,2,29,15,1049,0.158,7000,1.05
2020,2,29,16,998,0.113,11585,1.31
2020,2,29,17,8980,0.139,141103,2.19
2020,2,29,18,2276,0.0672,25270,0.746
2020,2,29,19,2240,0.129,32756,1.88
2020,2,29,20,1517,0.102,13022,0.876
2020,2,29,21,2223,0.107,25956,1.25
2020,2,29,22,1509,0.072,16798,0.802
2020,2,29,23,862,0.124,9869,1.42
2020,2,29,24,2626,0.0805,31038,0.952
2020,2,29,25,4865,0.127,88085,2.31
2020,2,29,26,5419,0.11,83989,1.7
2020,2,29,27,3410,0.11,65106,2.09
2020,2,29,28,744,0.0583,8586,0.673
2020,2,29,29,2732,0.0886,29681,0.963
2020,2,29,30,695,0.13,11991,2.25
2020,2,29,31,502,0.0485,6788,0.656
2020,2,29,32,2324,0.151,22368,1.45
2020,2,29,33,894,0.116,4942,0.639
2020,2,29,34,7773,0.173,118675,2.64
2020,2,29,35,681,0.0713,10720,1.12
2020,2,29,36,31208,0.328,213899,2.25
2020,2,29,37,1767,0.0348,22955,0.452
2020,2,29,38,363,0.0899,7158,1.77
2020,2,29,39,9916,0.171,80571,1.39
2020,2,29,40,1458,0.0792,18387,0.999
2020,2,29,41,3936,0.187,34101,1.62
2020,2,29,42,12045,0.186,147140,2.27
2020,2,29,44,874,0.157,13258,2.39
2020,2,29,45,1977,0.0832,17756,0.747
2020,2,29,46,159,0.0343,3275,0.706
2020,2,29,47,2014,0.0602,22427,0.67
2020,2,29,48,12692,0.0904,145939,1.04
2020,2,29,49,885,0.055,12336,0.767
2020,2,29,50,863,0.252,5902,1.72
2020,2,29,51,3267,0.074,25470,0.577
2020,2,29,53,5770,0.147,64356,1.64
2020,2,29,54,1108,0.139,17905,2.25
2020,2,29,55,5658,0.182,49232,1.59
2020,2,29,56,471,0.161,4014,1.37
2020,3,7,1,1663,0.0742,15320,0.683
2020,3,7,2,815,0.234,9081,2.61
2020,3,7,4,3357,0.0945,20950,0.59
2020,3,7,5,1843,0.135,13461,0.988
2020,3,7,6,43385,0.224,422249,2.18
2020,3,7,8,1865,0.0592,24773,0.787
2020,3,7,9,2527,0.132,43165,2.26
2020,3,7,10,518,0.106,5998,1.23
2020,3,7,11,471,0.115,7263,1.77
2020,3,7,12,5325,0.0515,37587,0.364
2020,3,7,13,4569,0.0894,29648,0.58
2020,3,7,15,1275,0.192,7322,1.1
2020,3,7,16,938,0.106,11105,1.26
2020,3,7,17,8727,0.135,145123,2.25
2020,3,7,18,2223,0.0656,24809,0.732
2020,3,7,19,2221,0.128,31645,1.82
2020,3,7,20,1365,0.0918,12368,0.832
2020,3,7,21,2463,0.119,25233,1.22
2020,3,7,22,1698,0.081,15897,0.759
2020,3,7,23,715,0.103,9454,1.36
2020,3,7,24,2675,0.082,30743,0.943
2020,3,7,25,4712,0.123,80264,2.1
2020,3,7,26,5150,0.104,82811,1.68
2020,3,7,27,3488,0.112,66255,2.13
2020,3,7,28,879,0.0689,8295,0.65
2020,3,7,29,2994,0.0971,28219,0.915
2020,3,7,30,714,0.134,11496,2.15
2020,3,7,31,501,0.0484,6082,0.587
2020,3,7,32,2309,0.15,22159,1.44
2020,3,7,33,495,0.064,4970,0.642
2020,3,7,34,7996,0.178,115642,2.57
2020,3,7,35,690,0.0723,10535,1.1
2020,3,7,36,14035,0.148,175927,1.85
2020,3,7,37,2575,0.0507,22771,0.448
2020,3,7,38,423,0.105,6966,1.73
2020,3,7,39,6545,0.113,79668,1.37
2020,3,7,40,1569,0.0852,18636,1.01
2020,3,7,41,4154,0.197,33671,1.6
2020,3,7,42,12227,0.188,149158,2.3
2020,3,7,44,700,0.126,11830,2.13
2020,3,7,45,1889,0.0795,17230,0.725
2020,3,7,46,185,0.0399,3244,0.699
2020,3,7,47,2032,0.0607,21067,0.63
2020,3,7,48,14355,0.102,139607,0.994
2020,3,7,49,1015,0.0631,12092,0.752
2020,3,7,50,446,0.13,5665,1.66
2020,3,7,51,2527,0.0573,25241,0.572
2020,3,7,53,6616,0.169,63129,1.61
2020,3,7,54,1033,0.13,17143,2.15
2020,3,7,55,5052,0.163,47389,1.53
2020,3,7,56,534,0.183,4042,1.38
2020,3,14,1,1819,0.0811,14889,0.664
2020,3,14,2,1120,0.322,9642,2.77
2020,3,14,4,3844,0.108,21439,0.604
2020,3,14,5,1382,0.101,12896,0.946
2020,3,14,6,57606,0.297,408950,2.11
2020,3,14,8,2321,0.0737,23581,0.749
2020,3,14,9,3440,0.18,43226,2.26
2020,3,14,10,472,0.0969,5782,1.19
2020,3,14,11,1213,0.296,7959,1.94
2020,3,14,12,6463,0.0625,38707,0.374
2020,3,14,13,5445,0.107,30797,0.603
2020,3,14,15,1589,0.239,7793,1.17
2020,3,14,16,1031,0.117,10367,1.18
2020,3,14,17,11305,0.175,141598,2.2
2020,3,14,18,2596,0.0766,24069,0.711
2020,3,14,19,2229,0.128,30045,1.73
2020,3,14,20,1755,0.118,11526,0.775
2020,3,14,21,2785,0.134,25725,1.24
2020,3,14,22,2255,0.108,16242,0.775
2020,3,14,23,634,0.0915,9085,1.31
2020,3,14,24,3864,0.119,30903,0.948
2020,3,14,25,7449,0.195,81785,2.14
2020,3,14,26,5338,0.108,81095,1.64
2020,3,14,27,4010,0.129,65791,2.12
2020,3,14,28,1147,0.0899,8245,0.646
2020,3,14,29,4016,0.13,26397,0.856
2020,3,14,30,817,0.153,10929,2.05
2020,3,14,31,795,0.0768,5871,0.567
2020,3,14,32,6356,0.412,25831,1.67
2020,3,14,33,642,0.083,4551,0.588
2020,3,14,34,9467,0.211,113750,2.53
2020,3,14,35,869,0.091,10435,1.09
2020,3,14,36,14272,0.15,172540,1.81
2020,3,14,37,3533,0.0695,23216,0.457
2020,3,14,38,415,0.103,6764,1.68
2020,3,14,39,7046,0.121,75562,1.3
2020,3,14,40,1836,0.0997,18318,0.995
2020,3,14,41,4269,0.203,33271,1.58
2020,3,14,42,15439,0.238,144281,2.22
2020,3,14,44,1108,0.199,11800,2.12
2020,3,14,45,2093,0.0881,17125,0.721
2020,3,14,46,190,0.0409,3060,0.659
2020,3,14,47,2702,0.0808,21152,0.632
2020,3,14,48,16176,0.115,144081,1.03
2020,3,14,49,1305,0.0812,12006,0.747
2020,3,14,50,659,0.193,5555,1.62
2020,3,14,51,2706,0.0613,24042,0.545
2020,3,14,53,14240,0.364,69828,1.78
2020,3,14,54,865,0.109,16259,2.04
2020,3,14,55,5190,0.167,45928,1.48
2020,3,14,56,517,0.177,3892,1.33
2020,3,21,1,10892,0.486,23379,1.04
2020,3,21,2,7847,2.26,16359,4.7
2020,3,21,4,29348,0.826,47456,1.34
2020,3,21,5,9275,0.681,20263,1.49
2020,3,21,6,186333,0.96,608245,3.13
2020,3,21,8,19774,0.628,41083,1.3
2020,3,21,9,25100,1.31,69294,3.62
2020,3,21,10,10776,2.21,16073,3.3
2020,3,21,11,14462,3.53,21840,5.33
2020,3,21,12,74313,0.719,108041,1.05
2020,3,21,13,12140,0.238,39647,0.776
2020,3,21,15,8817,1.33,15294,2.3
2020,3,21,16,13586,1.54,21455,2.43
2020,3,21,17,126716,1.97,252138,3.91
2020,3,21,18,59755,1.76,80533,2.38
2020,3,21,19,40952,2.36,67448,3.88
2020,3,21,20,23563,1.59,33536,2.26
2020,3,21,21,49023,2.37,71351,3.44
2020,3,21,22,72438,3.46,86581,4.13
2020,3,21,23,21459,3.1,30162,4.35
2020,3,21,24,42969,1.32,69429,2.13
2020,3,21,25,148452,3.89,231579,6.07
2020,3,21,26,128006,2.59,203081,4.11
2020,3,21,27,115773,3.72,182560,5.87
2020,3,21,28,5519,0.432,12186,0.955
2020,3,21,29,42246,1.37,63784,2.07
2020,3,21,30,15349,2.88,25167,4.72
2020,3,21,31,15700,1.52,20559,1.99
2020,3,21,32,92298,5.98,112120,7.27
2020,3,21,33,29379,3.8,33403,4.32
2020,3,21,34,115815,2.58,221655,4.93
2020,3,21,35,18105,1.9,27393,2.87
2020,3,21,36,79999,0.841,247213,2.6
2020,3,21,37,94083,1.85,114735,2.26
2020,3,21,38,5662,1.4,11831,2.93
2020,3,21,39,196309,3.38,264632,4.56
2020,3,21,40,21926,1.19,38780,2.11
2020,3,21,41,30054,1.43,60577,2.88
2020,3,21,42,363000,5.59,491029,7.56
2020,3,21,44,35847,6.45,46704,8.41
2020,3,21,45,31826,1.34,46937,1.98
2020,3,21,46,1761,0.38,4435,0.956
2020,3,21,47,38077,1.14,56427,1.69
2020,3,21,48,155426,1.11,281853,2.01
2020,3,21,49,19690,1.22,30516,1.9
2020,3,21,50,3784,1.11,8594,2.51
2020,3,21,51,46277,1.05,67905,1.54
2020,3,21,53,129909,3.32,192532,4.92
2020,3,21,54,3536,0.444,17690,2.22
2020,3,21,55,51031,1.64,94638,3.05
2020,3,21,56,3653,1.25,6850,2.34
2020,3,28,1,80984,3.61,99067,4.42
2020,3,28,2,13774,3.96,24947,7.17
2020,3,28,4,88940,2.5,115327,3.25
2020,3,28,5,27756,2.04,43904,3.22
2020,3,28,6,1058325,5.45,1458890,7.52
2020,3,28,8,61838,1.96,83794,2.66
2020,3,28,9,33227,1.74,114088,5.96
2020,3,28,10,19137,3.93,30643,6.29
2020,3,28,11,15869,3.87,33530,8.18
2020,3,28,12,228484,2.21,263560,2.55
2020,3,28,13,133820,2.62,241697,4.73
2020,3,28,15,48596,7.31,59593,8.96
2020,3,28,16,32941,3.74,48464,5.5
2020,3,28,17,185575,2.88,317633,4.93
2020,3,28,18,139174,4.11,168161,4.96
2020,3,28,19,55966,3.22,109616,6.3
2020,3,28,20,54330,3.65,71888,4.84
2020,3,28,21,113149,5.46,137510,6.63
2020,3,28,22,97400,4.65,155427,7.42
2020,3,28,23,23770,3.43,45737,6.6
2020,3,28,24,85317,2.62,133271,4.09
2020,3,28,25,181423,4.75,364528,9.55
2020,3,28,26,304335,6.16,392518,7.95
2020,3,28,27,109095,3.51,269968,8.68
2020,3,28,28,32015,2.51,41596,3.26
2020,3,28,29,104291,3.38,153761,4.99
2020,3,28,30,20763,3.89,39862,7.47
2020,3,28,31,24725,2.39,41366,4
2020,3,28,32,71942,4.66,130740,8.48
2020,3,28,33,31378,4.06,58699,7.59
2020,3,28,34,206253,4.59,362434,8.07
2020,3,28,35,27849,2.92,47936,5.02
2020,3,28,36,366595,3.85,681305,7.16
2020,3,28,37,172145,3.39,247365,4.87
2020,3,28,38,11818,2.93,20352,5.04
2020,3,28,39,274288,4.73,488561,8.42
2020,3,28,40,47744,2.59,73012,3.97
2020,3,28,41,47498,2.26,111428,5.3
2020,3,28,42,374056,5.76,509764,7.85
2020,3,28,44,27800,5,59647,10.7
2020,3,28,45,66475,2.8,96816,4.07
2020,3,28,46,6801,1.47,10339,2.23
2020,3,28,47,92500,2.77,130041,3.89
2020,3,28,48,276185,1.97,420882,3
2020,3,28,49,28532,1.77,53167,3.31
2020,3,28,50,14633,4.28,28430,8.31
2020,3,28,51,112497,2.55,154324,3.5
2020,3,28,53,182849,4.67,340874,8.71
2020,3,28,54,14523,1.82,35668,4.48
2020,3,28,55,110934,3.57,210508,6.78
2020,3,28,56,6396,2.19,10915,3.73
2020,4,4,1,106739,4.76,158915,7.09
2020,4,4,2,14590,4.2,34435,9.9
2020,4,4,4,132428,3.73,195025,5.49
2020,4,4,5,62086,4.56,98585,7.23
2020,4,4,6,918814,4.73,1995575,10.3
2020,4,4,8,46326,1.47,119910,3.81
2020,4,4,9,33464,1.75,181403,9.48
2020,4,4,10,18851,3.87,38293,7.86
2020,4,4,11,15329,3.74,46714,11.4
2020,4,4,12,169885,1.64,268806,2.6
2020,4,4,13,390132,7.63,750209,14.7
2020,4,4,15,53102,7.99,85328,12.8
2020,4,4,16,30904,3.5,66819,7.58
2020,4,4,17,202157,3.14,465175,7.22
2020,4,4,18,127010,3.75,198747,5.87
2020,4,4,19,64194,3.69,155825,8.96
2020,4,4,20,49306,3.32,100731,6.78
2020,4,4,21,117575,5.67,247726,12
2020,4,4,22,100621,4.8,217311,10.4
2020,4,4,23,30910,4.46,72249,10.4
2020,4,4,24,109496,3.36,201608,6.18
2020,4,4,25,139647,3.66,449858,11.8
2020,4,4,26,388554,7.87,754980,15.3
2020,4,4,27,110260,3.55,358283,11.5
2020,4,4,28,45852,3.59,75225,5.89
2020,4,4,29,91458,2.97,212925,6.91
2020,4,4,30,21244,3.98,58063,10.9
2020,4,4,31,27054,2.61,65975,6.37
2020,4,4,32,79285,5.14,210406,13.6
2020,4,4,33,39202,5.07,91368,11.8
2020,4,4,34,214836,4.78,490955,10.9
2020,4,4,35,26132,2.74,70961,7.43
2020,4,4,36,344451,3.62,1056995,11.1
2020,4,4,37,137422,2.7,383114,7.54
2020,4,4,38,15125,3.75,31161,7.72
2020,4,4,39,226191,3.9,676252,11.7
2020,4,4,40,60534,3.29,115563,6.28
2020,4,4,41,62788,2.98,181517,8.63
2020,4,4,42,239077,3.68,805541,12.4
2020,4,4,44,28243,5.08,84281,15.2
2020,4,4,45,86573,3.64,162094,6.82
2020,4,4,46,8138,1.75,15706,3.38
2020,4,4,47,112186,3.35,228365,6.83
2020,4,4,48,315167,2.24,689823,4.91
2020,4,4,49,33040,2.06,78201,4.86
2020,4,4,50,16474,4.81,38427,11.2
2020,4,4,51,147369,3.34,280553,6.36
2020,4,4,53,171252,4.38,480663,12.3
2020,4,4,54,14494,1.82,51184,6.42
2020,4,4,55,104823,3.38,313210,10.1
2020,4,4,56,6543,2.24,14333,4.9
2020,4,11,1,77515,3.46,172840,7.71
2020,4,11,2,12007,3.45,47372,13.6
2020,4,11,4,98531,2.77,219123,6.17
2020,4,11,5,35629,2.61,102140,7.5
2020,4,11,6,655472,3.38,2085426,10.7
2020,4,11,8,104572,3.32,271165,8.61
2020,4,11,9,34050,1.78,223246,11.7
2020,4,11,10,13258,2.72,42835,8.79
2020,4,11,11,9974,2.43,52198,12.7
2020,4,11,12,180419,1.75,519867,5.03
2020,4,11,13,319581,6.25,914999,17.9
2020,4,11,15,34717,5.22,83022,12.5
2020,4,11,16,18531,2.1,77670,8.81
2020,4,11,17,140787,2.18,593613,9.21
2020,4,11,18,113755,3.36,261338,7.72
2020,4,11,19,43889,2.52,171221,9.85
2020,4,11,20,29873,2.01,108207,7.28
2020,4,11,21,116277,5.61,298374,14.4
2020,4,11,22,79653,3.8,297185,14.2
2020,4,11,23,13488,1.95,69211,9.99
2020,4,11,24,62904,1.93,223810,6.86
2020,4,11,25,103813,2.72,465413,12.2
2020,4,11,26,222207,4.5,971218,19.7
2020,4,11,27,93133,2.99,434711,14
2020,4,11,28,45748,3.58,106485,8.34
2020,4,11,29,102126,3.31,280836,9.11
2020,4,11,30,14275,2.68,67757,12.7
2020,4,11,31,16279,1.57,76695,7.41
2020,4,11,32,58641,3.8,247648,16.1
2020,4,11,33,25273,3.27,105252,13.6
2020,4,11,34,141420,3.15,570808,12.7
2020,4,11,35,19043,1.99,81729,8.56
2020,4,11,36,394701,4.15,1515892,15.9
2020,4,11,37,140155,2.76,503144,9.9
2020,4,11,38,9502,2.35,34056,8.44
2020,4,11,39,159317,2.75,781986,13.5
2020,4,11,40,54481,2.96,142811,7.76
2020,4,11,41,54581,2.59,230735,11
2020,4,11,42,234868,3.62,849064,13.1
2020,4,11,44,22509,4.05,93444,16.8
2020,4,11,45,89147,3.75,216141,9.1
2020,4,11,46,6359,1.37,20790,4.48
2020,4,11,47,71887,2.15,278359,8.32
2020,4,11,48,274257,1.95,906727,6.46
2020,4,11,49,24515,1.52,97313,6.05
2020,4,11,50,9662,2.82,40866,11.9
2020,4,11,51,104619,2.37,341410,7.74
2020,4,11,53,144455,3.69,587391,15
2020,4,11,54,14944,1.88,63541,7.97
2020,4,11,55,70000,2.25,332847,10.7
2020,4,11,56,5794,1.98,17006,5.82
2020,4,18,1,66432,2.96,210759,9.4
2020,4,18,2,12201,3.51,60297,17.3
2020,4,18,4,72457,2.04,242719,6.83
2020,4,18,5,25404,1.86,116682,8.56
2020,4,18,6,528360,2.72,2950818,15.2
2020,4,18,8,67639,2.15,239073,7.59
2020,4,18,9,102808,5.37,408855,21.4
2020,4,18,10,9446,1.94,47897,9.83
2020,4,18,11,8639,2.11,56104,13.7
2020,4,18,12,506670,4.9,683691,6.61
2020,4,18,13,247003,4.83,858892,16.8
2020,4,18,15,26591,4,98852,14.9
2020,4,18,16,13023,1.48,80745,9.16
2020,4,18,17,118996,1.85,688196,10.7
2020,4,18,18,72756,2.15,279142,8.24
2020,4,18,19,26901,1.55,177346,10.2
2020,4,18,20,30596,2.06,128074,8.62
2020,4,18,21,103981,5.02,303011,14.6
2020,4,18,22,91923,4.39,338219,16.1
2020,4,18,23,11769,1.7,78294,11.3
2020,4,18,24,48495,1.49,249927,7.66
2020,4,18,25,80969,2.12,548521,14.4
2020,4,18,26,136707,2.77,1074227,21.8
2020,4,18,27,74829,2.41,466113,15
2020,4,18,28,36913,2.89,129918,10.2
2020,4,18,29,59602,1.93,287159,9.31
2020,4,18,30,11176,2.09,76249,14.3
2020,4,18,31,12222,1.18,84300,8.14
2020,4,18,32,39496,2.56,271114,17.6
2020,4,18,33,20414,2.64,114197,14.8
2020,4,18,34,140139,3.12,696144,15.5
2020,4,18,35,13621,1.43,94607,9.91
2020,4,18,36,205184,2.16,1559680,16.4
2020,4,18,37,106266,2.09,574549,11.3
2020,4,18,38,8065,2,41628,10.3
2020,4,18,39,109830,1.89,827672,14.3
2020,4,18,40,46696,2.54,159007,8.64
2020,4,18,41,37209,1.77,254248,12.1
2020,4,18,42,124633,1.92,1199293,18.5
2020,4,18,44,18078,3.25,97218,17.5
2020,4,18,45,74362,3.13,254131,10.7
2020,4,18,46,5295,1.14,24959,5.38
2020,4,18,47,67226,2.01,347121,10.4
2020,4,18,48,280761,2,1192684,8.49
2020,4,18,49,19649,1.22,107930,6.71
2020,4,18,50,6598,1.93,70911,20.7
2020,4,18,51,82729,1.87,380722,8.63
2020,4,18,53,83475,2.13,618660,15.8
2020,4,18,54,46755,5.87,142883,17.9
2020,4,18,55,55883,1.8,355415,11.4
2020,4,18,56,4381,1.5,18683,6.39
2020,4,25,1,74966,3.34,248821,11.1
2020,4,25,2,10313,2.97,62335,17.9
2020,4,25,4,52581,1.48,248982,7.01
2020,4,25,5,17671,1.3,127008,9.32
2020,4,25,6,325343,1.68,2212918,11.4
2020,4,25,8,38662,1.23,267375,8.49
2020,4,25,9,33041,1.73,342152,17.9
2020,4,25,10,7947,1.63,52924,10.9
2020,4,25,11,8708,2.12,61242,14.9
2020,4,25,12,433103,4.19,973657,9.42
2020,4,25,13,266565,5.22,1025421,20.1
2020,4,25,15,22496,3.38,91133,13.7
2020,4,25,16,8827,1,80243,9.1
2020,4,25,17,101322,1.57,782324,12.1
2020,4,25,18,55774,1.65,309703,9.14
2020,4,25,19,27220,1.57,196191,11.3
2020,4,25,20,24483,1.65,143505,9.65
2020,4,25,21,91223,4.4,352015,17
2020,4,25,22,66141,3.16,366798,17.5
2020,4,25,23,7661,1.11,80802,11.7
2020,4,25,24,37935,1.16,262195,8.04
2020,4,25,25,71358,1.87,603866,15.8
2020,4,25,26,82004,1.66,1016603,20.6
2020,4,25,27,48595,1.56,465588,15
2020,4,25,28,29906,2.34,165628,13
2020,4,25,29,55299,1.79,311097,10.1
2020,4,25,30,7052,1.32,74525,14
2020,4,25,31,8229,0.795,84857,8.2
2020,4,25,32,42541,2.76,317391,20.6
2020,4,25,33,15001,1.94,121842,15.7
2020,4,25,34,71966,1.6,693719,15.4
2020,4,25,35,12093,1.27,106242,11.1
2020,4,25,36,219413,2.31,1836222,19.3
2020,4,25,37,98941,1.95,653980,12.9
2020,4,25,38,6274,1.55,41787,10.4
2020,4,25,39,93599,1.61,870813,15
2020,4,25,40,52500,2.85,187050,10.2
2020,4,25,41,49300,2.34,333786,15.9
2020,4,25,42,82414,1.27,997663,15.4
2020,4,25,44,13084,2.36,109747,19.8
2020,4,25,45,66438,2.8,307394,12.9
2020,4,25,46,5535,1.19,28242,6.09
2020,4,25,47,42805,1.28,383838,11.5
2020,4,25,48,254084,1.81,1216206,8.66
2020,4,25,49,11738,0.73,101233,6.3
2020,4,25,50,5117,1.5,81574,23.8
2020,4,25,51,72488,1.64,413783,9.38
2020,4,25,53,139505,3.56,712879,18.2
2020,4,25,54,29818,3.74,176384,22.1
2020,4,25,55,49993,1.61,371056,11.9
2020,4,25,56,3497,1.2,20063,6.86
2020,5,2,1,28985,1.29,243669,10.9
2020,5,2,2,8718,2.51,58611,16.9
2020,5,2,4,43023,1.21,261783,7.37
2020,5,2,5,13448,0.987,132780,9.74
2020,5,2,6,316257,1.63,5124618,26.4
2020,5,2,8,28360,0.901,257043,8.16
2020,5,2,9,36138,1.89,333687,17.4
2020,5,2,10,6297,1.29,58798,12.1
2020,5,2,11,8113,1.98,66747,16.3
2020,5,2,12,174860,1.69,619421,5.99
2020,5,2,13,228352,4.47,1114116,21.8
2020,5,2,15,15177,2.28,103287,15.5
2020,5,2,16,7495,0.85,79289,8.99
2020,5,2,17,74476,1.16,770447,12
2020,5,2,18,42290,1.25,313538,9.26
2020,5,2,19,23241,1.34,202851,11.7
2020,5,2,20,15959,1.07,136660,9.19
2020,5,2,21,82435,3.98,338752,16.3
2020,5,2,22,50941,2.43,360954,17.2
2020,5,2,23,6993,1.01,83766,12.1
2020,5,2,24,63253,1.94,290225,8.9
2020,5,2,25,55884,1.46,625840,16.4
2020,5,2,26,67399,1.37,1063773,21.5
2020,5,2,27,41492,1.33,461704,14.8
2020,5,2,28,25745,2.02,187823,14.7
2020,5,2,29,52527,1.7,299190,9.7
2020,5,2,30,4596,0.861,67730,12.7
2020,5,2,31,6418,0.62,75300,7.27
2020,5,2,32,28550,1.85,332123,21.5
2020,5,2,33,12475,1.61,128055,16.6
2020,5,2,34,88326,1.97,730977,16.3
2020,5,2,35,13675,1.43,109832,11.5
2020,5,2,36,195110,2.05,1944681,20.4
2020,5,2,37,85956,1.69,677001,13.3
2020,5,2,38,4044,1,39871,9.88
2020,5,2,39,61487,1.06,820922,14.1
2020,5,2,40,93885,5.1,248556,13.5
2020,5,2,41,48120,2.29,357109,17
2020,5,2,42,94445,1.45,1327744,20.5
2020,5,2,44,9088,1.64,106661,19.2
2020,5,2,45,47673,2.01,308082,13
2020,5,2,46,3929,0.847,27720,5.97
2020,5,2,47,36323,1.09,376572,11.3
2020,5,2,48,243935,1.74,1377259,9.81
2020,5,2,49,8992,0.559,101864,6.34
2020,5,2,50,3875,1.13,64410,18.8
2020,5,2,51,59631,1.35,436320,9.89
2020,5,2,53,102216,2.61,706264,18
2020,5,2,54,13227,1.66,123604,15.5
2020,5,2,55,37885,1.22,351910,11.3
2020,5,2,56,2854,0.977,20375,6.97
2020,5,9,1,26666,1.19,243522,10.9
2020,5,9,2,7807,2.24,58598,16.8
2020,5,9,4,31570,0.889,260376,7.33
2020,5,9,5,13152,0.965,135674,9.96
2020,5,9,6,212667,1.1,3062871,15.8
2020,5,9,8,22732,0.722,284683,9.04
2020,5,9,9,30046,1.57,349575,18.3
2020,5,9,10,5197,1.07,55402,11.4
2020,5,9,11,5782,1.41,71080,17.3
2020,5,9,12,223082,2.16,1258289,12.2
2020,5,9,13,242772,4.75,1055685,20.7
2020,5,9,15,12329,1.85,123251,18.5
2020,5,9,16,5795,0.657,71273,8.08
2020,5,9,17,72671,1.13,828583,12.9
2020,5,9,18,29668,0.876,315128,9.3
2020,5,9,19,15820,0.91,205463,11.8
2020,5,9,20,12234,0.823,130211,8.76
2020,5,9,21,69372,3.35,322622,15.6
2020,5,9,22,40125,1.91,365261,17.4
2020,5,9,23,5579,0.805,92859,13.4
2020,5,9,24,45485,1.39,299958,9.2
2020,5,9,25,44915,1.18,620484,16.3
2020,5,9,26,55166,1.12,1028444,20.8
2020,5,9,27,37669,1.21,466856,15
2020,5,9,28,23618,1.85,231888,18.2
2020,5,9,29,31145,1.01,297375,9.64
2020,5,9,30,3762,0.705,62667,11.7
2020,5,9,31,6362,0.615,74451,7.19
2020,5,9,32,21635,1.4,346079,22.4
2020,5,9,33,10016,1.29,126784,16.4
2020,5,9,34,69689,1.55,785122,17.5
2020,5,9,35,8024,0.841,109156,11.4
2020,5,9,36,199419,2.1,2045573,21.5
2020,5,9,37,57354,1.13,677163,13.3
2020,5,9,38,2753,0.682,38674,9.58
2020,5,9,39,52255,0.901,798141,13.8
2020,5,9,40,39079,2.12,217201,11.8
2020,5,9,41,33936,1.61,343479,16.3
2020,5,9,42,73688,1.14,1123152,17.3
2020,5,9,44,6245,1.12,100328,18.1
2020,5,9,45,33191,1.4,301892,12.7
2020,5,9,46,5269,1.14,28657,6.18
2020,5,9,47,28377,0.848,371589,11.1
2020,5,9,48,141553,1.01,1323162,9.42
2020,5,9,49,7076,0.44,98667,6.14
2020,5,9,50,2913,0.851,59953,17.5
2020,5,9,51,52139,1.18,444812,10.1
2020,5,9,53,110831,2.83,850626,21.7
2020,5,9,54,6045,0.758,113450,14.2
2020,5,9,55,38710,1.25,351958,11.3
2020,5,9,56,3297,1.13,21225,7.26
2020,5,16,1,25150,1.12,228827,10.2
2020,5,16,2,7741,2.23,57790,16.6
2020,5,16,4,31957,0.9,262523,7.39
2020,5,16,5,11427,0.839,133835,9.82
2020,5,16,6,244431,1.26,3809584,19.6
2020,5,16,8,18054,0.573,264561,8.4
2020,5,16,9,25960,1.36,323048,16.9
2020,5,16,10,5554,1.14,56564,11.6
2020,5,16,11,5196,1.27,74040,18.1
2020,5,16,12,225404,2.18,2376512,23
2020,5,16,13,177731,3.48,967909,18.9
2020,5,16,15,10964,1.65,156675,23.6
2020,5,16,16,5800,0.658,65921,7.47
2020,5,16,17,72780,1.13,806322,12.5
2020,5,16,18,29436,0.869,299821,8.85
2020,5,16,19,12056,0.693,196697,11.3
2020,5,16,20,11238,0.756,119803,8.06
2020,5,16,21,47321,2.28,294186,14.2
2020,5,16,22,28545,1.36,355049,16.9
2020,5,16,23,4726,0.682,96933,14
2020,5,16,24,35111,1.08,288330,8.84
2020,5,16,25,38684,1.01,628229,16.5
2020,5,16,26,56715,1.15,1050903,21.3
2020,5,16,27,28893,0.929,456583,14.7
2020,5,16,28,24242,1.9,214128,16.8
2020,5,16,29,28244,0.916,290084,9.41
2020,5,16,30,3660,0.686,57446,10.8
2020,5,16,31,5839,0.564,68801,6.65
2020,5,16,32,17837,1.16,386878,25.1
2020,5,16,33,8794,1.14,123244,15.9
2020,5,16,34,42365,0.943,644135,14.3
2020,5,16,35,7356,0.771,111305,11.7
2020,5,16,36,223962,2.35,2097897,22
2020,5,16,37,46913,0.923,652622,12.8
2020,5,16,38,2619,0.649,35018,8.68
2020,5,16,39,46862,0.808,751646,13
2020,5,16,40,33440,1.82,168669,9.16
2020,5,16,41,23539,1.12,313690,14.9
2020,5,16,42,41673,0.642,1050559,16.2
2020,5,16,44,3883,0.699,93130,16.8
2020,5,16,45,29899,1.26,286575,12.1
2020,5,16,46,3891,0.839,29077,6.27
2020,5,16,47,27990,0.837,360735,10.8
2020,5,16,48,134065,0.955,1434641,10.2
2020,5,16,49,6228,0.387,92526,5.76
2020,5,16,50,2199,0.643,57302,16.7
2020,5,16,51,44699,1.01,448256,10.2
2020,5,16,53,140119,3.58,1185575,30.3
2020,5,16,54,5026,0.631,103820,13
2020,5,16,55,31287,1.01,339684,10.9
2020,5,16,56,2303,0.788,19638,6.72
2020,5,23,1,27919,1.25,218124,9.73
2020,5,23,2,8152,2.34,56152,16.1
2020,5,23,4,26868,0.757,244836,6.89
2020,5,23,5,10825,0.794,130868,9.6
2020,5,23,6,203262,1.05,2358572,12.2
2020,5,23,8,15719,0.499,281218,8.93
2020,5,23,9,16603,0.868,289298,15.1
2020,5,23,10,4651,0.955,55431,11.4
2020,5,23,11,5135,1.25,75238,18.4
2020,5,23,12,175411,1.7,704795,6.82
2020,5,23,13,165499,3.24,897261,17.6
2020,5,23,15,9140,1.37,137226,20.6
2020,5,23,16,4727,0.536,61419,6.96
2020,5,23,17,58263,0.904,820630,12.7
2020,5,23,18,25523,0.753,279059,8.24
2020,5,23,19,13723,0.789,192282,11.1
2020,5,23,20,11232,0.756,115785,7.79
2020,5,23,21,53738,2.59,298080,14.4
2020,5,23,22,23961,1.14,352370,16.8
2020,5,23,23,16667,2.41,154886,22.4
2020,5,23,24,33991,1.04,289008,8.86
2020,5,23,25,38332,1,632847,16.6
2020,5,23,26,64574,1.31,1049868,21.3
2020,5,23,27,27211,0.875,443879,14.3
2020,5,23,28,23856,1.87,208006,16.3
2020,5,23,29,27436,0.89,282810,9.17
2020,5,23,30,3821,0.716,53738,10.1
2020,5,23,31,5812,0.561,67416,6.51
2020,5,23,32,15607,1.01,358637,23.3
2020,5,23,33,7266,0.939,116450,15.1
2020,5,23,34,34410,0.766,620942,13.8
2020,5,23,35,7058,0.739,115772,12.1
2020,5,23,36,189087,1.99,2000099,21
2020,5,23,37,44202,0.87,608270,12
2020,5,23,38,2978,0.738,34078,8.44
2020,5,23,39,42585,0.734,679454,11.7
2020,5,23,40,43714,2.37,182910,9.93
2020,5,23,41,28452,1.35,321533,15.3
2020,5,23,42,55374,0.853,962626,14.8
2020,5,23,44,2937,0.529,90903,16.4
2020,5,23,45,25380,1.07,267173,11.2
2020,5,23,46,3471,0.748,25925,5.59
2020,5,23,47,25439,0.761,353207,10.6
2020,5,23,48,127717,0.909,1400274,9.97
2020,5,23,49,5405,0.336,87459,5.44
2020,5,23,50,1552,0.454,51837,15.1
2020,5,23,51,39242,0.889,442168,10
2020,5,23,53,49436,1.26,642723,16.4
2020,5,23,54,4904,0.615,97990,12.3
2020,5,23,55,28967,0.933,320644,10.3
2020,5,23,56,2800,0.958,20431,6.99
2020,5,30,1,21335,0.952,204900,9.14
2020,5,30,2,7452,2.14,54796,15.8
2020,5,30,4,22012,0.62,231956,6.53
2020,5,30,5,8481,0.622,123846,9.09
2020,5,30,6,228634,1.18,2981035,15.4
2020,5,30,8,12519,0.398,257119,8.17
2020,5,30,9,14208,0.743,262871,13.7
2020,5,30,10,3052,0.626,58224,11.9
2020,5,30,11,3559,0.868,74230,18.1
2020,5,30,12,207707,2.01,838347,8.11
2020,5,30,13,149163,2.92,903996,17.7
2020,5,30,15,7702,1.16,132641,19.9
2020,5,30,16,3646,0.413,54681,6.2
2020,5,30,17,46385,0.72,766164,11.9
2020,5,30,18,22914,0.676,256783,7.58
2020,5,30,19,6449,0.371,169011,9.72
2020,5,30,20,10028,0.675,109976,7.4
2020,5,30,21,43013,2.08,249018,12
2020,5,30,22,19334,0.923,320932,15.3
2020,5,30,23,11151,1.61,173407,25
2020,5,30,24,31920,0.979,278462,8.54
2020,5,30,25,27630,0.724,627381,16.4
2020,5,30,26,39290,0.796,972471,19.7
2020,5,30,27,21654,0.696,419553,13.5
2020,5,30,28,24014,1.88,198822,15.6
2020,5,30,29,20650,0.67,262823,8.52
2020,5,30,30,3054,0.572,51560,9.66
2020,5,30,31,5083,0.491,67548,6.52
2020,5,30,32,11337,0.735,346380,22.5
2020,5,30,33,6127,0.792,106896,13.8
2020,5,30,34,26752,0.595,574665,12.8
2020,5,30,35,6672,0.699,112427,11.8
2020,5,30,36,81926,0.861,1838629,19.3
2020,5,30,37,37047,0.729,585035,11.5
2020,5,30,38,2315,0.574,33121,8.21
2020,5,30,39,35078,0.605,601624,10.4
2020,5,30,40,60376,3.28,232685,12.6
2020,5,30,41,20565,0.977,277324,13.2
2020,5,30,42,42266,0.651,1061837,16.4
2020,5,30,44,2748,0.495,81244,14.6
2020,5,30,45,18910,0.796,233724,9.84
2020,5,30,46,1498,0.323,21127,4.55
2020,5,30,47,22255,0.665,344372,10.3
2020,5,30,48,106677,0.76,1508450,10.7
2020,5,30,49,4948,0.308,84264,5.24
2020,5,30,50,1465,0.428,47781,14
2020,5,30,51,31379,0.711,429790,9.74
2020,5,30,53,31929,0.816,511697,13.1
2020,5,30,54,4685,0.588,89295,11.2
2020,5,30,55,24661,0.794,294339,9.48
2020,5,30,56,2421,0.828,18274,6.25
2020,6,6,1,19949,0.89,200194,8.93
2020,6,6,2,7081,2.04,54204,15.6
2020,6,6,4,24367,0.686,234972,6.62
2020,6,6,5,9663,0.709,125145,9.18
2020,6,6,6,255836,1.32,3068320,15.8
2020,6,6,8,13098,0.416,276908,8.79
2020,6,6,9,15366,0.803,284483,14.9
2020,6,6,10,3037,0.623,52696,10.8
2020,6,6,11,3385,0.826,75408,18.4
2020,6,6,12,112161,1.09,1078786,10.4
2020,6,6,13,135254,2.65,833408,16.3
2020,6,6,15,7338,1.1,132906,20
2020,6,6,16,3953,0.448,51732,5.87
2020,6,6,17,44606,0.692,786344,12.2
2020,6,6,18,22931,0.677,243987,7.2
2020,6,6,19,9488,0.546,167756,9.65
2020,6,6,20,8261,0.556,99331,6.68
2020,6,6,21,40733,1.97,238435,11.5
2020,6,6,22,21879,1.04,326962,15.6
2020,6,6,23,3117,0.45,81364,11.7
2020,6,6,24,41638,1.28,288173,8.84
2020,6,6,25,45142,1.18,619161,16.2
2020,6,6,26,27836,0.564,784112,15.9
2020,6,6,27,28311,0.91,427110,13.7
2020,6,6,28,21283,1.67,170185,13.3
2020,6,6,29,19907,0.646,256438,8.32
2020,6,6,30,3078,0.577,49383,9.26
2020,6,6,31,4697,0.454,65176,6.3
2020,6,6,32,10748,0.697,344930,22.4
2020,6,6,33,6303,0.815,108492,14
2020,6,6,34,23166,0.516,582223,13
2020,6,6,35,5290,0.554,109309,11.5
2020,6,6,36,93799,0.986,1788608,18.8
2020,6,6,37,33865,0.667,571517,11.2
2020,6,6,38,2252,0.558,32107,7.96
2020,6,6,39,36154,0.623,569501,9.82
2020,6,6,40,77525,4.21,234320,12.7
2020,6,6,41,24508,1.16,300276,14.3
2020,6,6,42,45049,0.694,891837,13.7
2020,6,6,44,3518,0.633,80464,14.5
2020,6,6,45,23188,0.976,235758,9.92
2020,6,6,46,880,0.19,21453,4.62
2020,6,6,47,20908,0.625,330973,9.89
2020,6,6,48,89676,0.638,1305183,9.29
2020,6,6,49,5382,0.335,83527,5.2
2020,6,6,50,1650,0.482,46857,13.7
2020,6,6,51,29231,0.662,425287,9.64
2020,6,6,53,30677,0.784,468833,12
2020,6,6,54,4413,0.554,87575,11
2020,6,6,55,25047,0.807,280852,9.04
2020,6,6,56,2013,0.689,17565,6.01
2020,6,13,1,18367,0.819,182349,8.13
2020,6,13,2,6797,1.95,52589,15.1
2020,6,13,4,22419,0.631,231948,6.53
2020,6,13,5,9381,0.688,123004,9.03
2020,6,13,6,241424,1.24,3242837,16.7
2020,6,13,8,10382,0.33,253167,8.04
2020,6,13,9,11852,0.619,272370,14.2
2020,6,13,10,2516,0.516,49631,10.2
2020,6,13,11,3065,0.748,75999,18.5
2020,6,13,12,88148,0.853,1008350,9.75
2020,6,13,13,131997,2.58,814498,15.9
2020,6,13,15,7248,1.09,121367,18.3
2020,6,13,16,3631,0.412,40395,4.58
2020,6,13,17,44694,0.693,754973,11.7
2020,6,13,18,24017,0.709,235272,6.95
2020,6,13,19,9069,0.522,161808,9.31
2020,6,13,20,8287,0.557,92168,6.2
2020,6,13,21,37650,1.82,218819,10.6
2020,6,13,22,23122,1.1,329480,15.7
2020,6,13,23,3013,0.435,69979,10.1
2020,6,13,24,23450,0.719,273719,8.39
2020,6,13,25,30411,0.797,608402,15.9
2020,6,13,26,21293,0.431,748215,15.2
2020,6,13,27,24696,0.794,396626,12.8
2020,6,13,28,18407,1.44,141599,11.1
2020,6,13,29,18912,0.613,237508,7.7
2020,6,13,30,3157,0.592,47455,8.89
2020,6,13,31,4868,0.47,62270,6.02
2020,6,13,32,10620,0.689,322629,20.9
2020,6,13,33,6431,0.831,104871,13.6
2020,6,13,34,26438,0.588,564707,12.6
2020,6,13,35,5111,0.535,107198,11.2
2020,6,13,36,95150,1,1772187,18.6
2020,6,13,37,32188,0.634,556975,11
2020,6,13,38,2073,0.514,31176,7.72
2020,6,13,39,33139,0.571,526097,9.07
2020,6,13,40,84779,4.6,258140,14
2020,6,13,41,24645,1.17,276514,13.1
2020,6,13,42,44341,0.683,958151,14.8
2020,6,13,44,2641,0.475,75724,13.6
2020,6,13,45,19853,0.836,220756,9.29
2020,6,13,46,1065,0.23,19714,4.25
2020,6,13,47,19413,0.58,317286,9.49
2020,6,13,48,94723,0.674,1392019,9.91
2020,6,13,49,4803,0.299,80186,4.99
2020,6,13,50,1859,0.543,45197,13.2
2020,6,13,51,27186,0.616,414079,9.38
2020,6,13,53,30217,0.772,440421,11.3
2020,6,13,54,4327,0.543,79563,9.98
2020,6,13,55,25543,0.823,264071,8.5
2020,6,13,56,1539,0.527,16910,5.79
2020,6,20,1,18671,0.833,168673,7.52
2020,6,20,2,6757,1.94,51137,14.7
2020,6,20,4,25886,0.729,243820,6.87
2020,6,20,5,9669,0.71,121858,8.94
2020,6,20,6,284494,1.47,3063919,15.8
2020,6,20,8,10013,0.318,269354,8.55
2020,6,20,9,10411,0.544,261185,13.6
2020,6,20,10,2797,0.574,47909,9.83
2020,6,20,11,3073,0.75,76000,18.5
2020,6,20,12,95683,0.926,1091475,10.6
2020,6,20,13,125725,2.46,795460,15.6
2020,6,20,15,7178,1.08,139644,21
2020,6,20,16,4285,0.486,37345,4.23
2020,6,20,17,46276,0.718,752115,11.7
2020,6,20,18,29331,0.866,230573,6.81
2020,6,20,19,8208,0.472,160989,9.26
2020,6,20,20,9179,0.617,90352,6.08
2020,6,20,21,24846,1.2,196991,9.5
2020,6,20,22,19524,0.932,319913,15.3
2020,6,20,23,2911,0.42,67628,9.76
2020,6,20,24,32549,0.998,276260,8.47
2020,6,20,25,30005,0.786,596170,15.6
2020,6,20,26,19641,0.398,604065,12.2
2020,6,20,27,20487,0.659,372259,12
2020,6,20,28,15230,1.19,112299,8.8
2020,6,20,29,17358,0.563,227553,7.38
2020,6,20,30,2997,0.562,45678,8.56
2020,6,20,31,4406,0.426,61652,5.96
2020,6,20,32,10347,0.671,304996,19.8
2020,6,20,33,5413,0.7,98189,12.7
2020,6,20,34,33027,0.735,561200,12.5
2020,6,20,35,4945,0.518,105293,11
2020,6,20,36,89031,0.936,1738894,18.3
2020,6,20,37,29199,0.575,558542,11
2020,6,20,38,1821,0.451,30557,7.57
2020,6,20,39,34926,0.602,501289,8.64
2020,6,20,40,58613,3.18,240804,13.1
2020,6,20,41,16274,0.773,240750,11.4
2020,6,20,42,42577,0.656,791451,12.2
2020,6,20,44,4014,0.723,73250,13.2
2020,6,20,45,17611,0.741,215835,9.08
2020,6,20,46,910,0.196,18073,3.9
2020,6,20,47,20506,0.613,304137,9.09
2020,6,20,48,89547,0.638,1311360,9.34
2020,6,20,49,4915,0.306,78534,4.88
2020,6,20,50,1389,0.406,44070,12.9
2020,6,20,51,25293,0.573,400872,9.09
2020,6,20,53,30793,0.787,449252,11.5
2020,6,20,54,3756,0.471,74032,9.29
2020,6,20,55,25428,0.819,250852,8.08
2020,6,20,56,1402,0.48,16472,5.64
2020,6,27,1,18338,0.818,159788,7.13
2020,6,27,2,6467,1.86,49675,14.3
2020,6,27,4,26328,0.741,243833,6.87
2020,6,27,5,10395,0.763,119086,8.74
2020,6,27,6,277362,1.43,3178963,16.4
2020,6,27,8,8646,0.275,245882,7.81
2020,6,27,9,10133,0.53,257328,13.4
2020,6,27,10,2771,0.569,46805,9.61
2020,6,27,11,3132,0.764,75939,18.5
2020,6,27,12,84370,0.816,825714,7.99
2020,6,27,13,117485,2.3,778718,15.2
2020,6,27,15,8192,1.23,137011,20.6
2020,6,27,16,5417,0.614,36303,4.12
2020,6,27,17,45752,0.71,722474,11.2
2020,6,27,18,44827,1.32,236115,6.97
2020,6,27,19,7732,0.445,149480,8.6
2020,6,27,20,9738,0.655,89193,6
2020,6,27,21,30640,1.48,190205,9.18
2020,6,27,22,21976,1.05,328065,15.7
2020,6,27,23,3119,0.45,66108,9.54
2020,6,27,24,22623,0.694,255709,7.84
2020,6,27,25,29699,0.778,586987,15.4
2020,6,27,26,38309,0.776,672262,13.6
2020,6,27,27,19373,0.623,356755,11.5
2020,6,27,28,13673,1.07,161297,12.6
2020,6,27,29,20008,0.649,224129,7.27
2020,6,27,30,2695,0.505,43722,8.2
2020,6,27,31,4203,0.406,61034,5.9
2020,6,27,32,11110,0.72,298053,19.3
2020,6,27,33,5163,0.667,91749,11.9
2020,6,27,34,27992,0.623,547159,12.2
2020,6,27,35,5083,0.532,100986,10.6
2020,6,27,36,89834,0.944,1701825,17.9
2020,6,27,37,29580,0.582,493148,9.71
2020,6,27,38,1511,0.374,29957,7.42
2020,6,27,39,35908,0.619,484020,8.34
2020,6,27,40,18405,1,183703,9.98
2020,6,27,41,11195,0.532,227708,10.8
2020,6,27,42,45261,0.697,854870,13.2
2020,6,27,44,3229,0.581,70329,12.7
2020,6,27,45,17654,0.743,214779,9.04
2020,6,27,46,644,0.139,17786,3.83
2020,6,27,47,21544,0.644,300743,8.99
2020,6,27,48,96593,0.688,1398307,9.96
2020,6,27,49,4965,0.309,77181,4.8
2020,6,27,50,2163,0.632,44583,13
2020,6,27,51,31955,0.724,398669,9.04
2020,6,27,53,33266,0.85,449870,11.5
2020,6,27,54,3532,0.443,72628,9.11
2020,6,27,55,24925,0.803,247822,7.98
2020,6,27,56,1418,0.485,15912,5.44
2020,7,4,1,19056,0.85,157328,7.02
2020,7,4,2,6124,1.76,48234,13.9
2020,7,4,4,25774,0.726,242377,6.83
2020,7,4,5,10832,0.795,115524,8.48
2020,7,4,6,264791,1.36,3023265,15.6
2020,7,4,8,7928,0.252,254036,8.07
2020,7,4,9,12267,0.641,264193,13.8
2020,7,4,10,2791,0.573,48389,9.93
2020,7,4,11,2858,0.697,75660,18.5
2020,7,4,12,66941,0.648,648893,6.28
2020,7,4,13,105160,2.06,725107,14.2
2020,7,4,15,7648,1.15,131119,19.7
2020,7,4,16,4924,0.558,34014,3.86
2020,7,4,17,39015,0.605,706475,11
2020,7,4,18,22102,0.652,206070,6.08
2020,7,4,19,9957,0.573,144172,8.29
2020,7,4,20,11458,0.771,94152,6.33
2020,7,4,21,23282,1.12,174030,8.4
2020,7,4,22,31417,1.5,344574,16.4
2020,7,4,23,2939,0.424,66574,9.61
2020,7,4,24,33191,1.02,279628,8.58
2020,7,4,25,27051,0.709,584756,15.3
2020,7,4,26,34602,0.701,563749,11.4
2020,7,4,27,19362,0.623,345607,11.1
2020,7,4,28,11266,0.883,148596,11.6
2020,7,4,29,17685,0.574,222805,7.23
2020,7,4,30,2788,0.523,41820,7.84
2020,7,4,31,5803,0.561,64002,6.18
2020,7,4,32,12484,0.809,300452,19.5
2020,7,4,33,5776,0.747,80252,10.4
2020,7,4,34,47402,1.05,539180,12
2020,7,4,35,5666,0.594,102056,10.7
2020,7,4,36,93740,0.985,1692407,17.8
2020,7,4,37,27937,0.55,440290,8.67
2020,7,4,38,1720,0.426,28741,7.12
2020,7,4,39,33830,0.583,467697,8.06
2020,7,4,40,9423,0.512,140457,7.63
2020,7,4,41,10343,0.492,213943,10.2
2020,7,4,42,44086,0.679,695246,10.7
2020,7,4,44,3436,0.618,69740,12.6
2020,7,4,45,16015,0.674,203297,8.56
2020,7,4,46,835,0.18,16777,3.62
2020,7,4,47,24920,0.745,298735,8.93
2020,7,4,48,117099,0.834,1355030,9.65
2020,7,4,49,4802,0.299,75441,4.69
2020,7,4,50,1876,0.548,40965,12
2020,7,4,51,31825,0.721,410432,9.3
2020,7,4,53,29506,0.754,410481,10.5
2020,7,4,54,3330,0.418,68886,8.64
2020,7,4,55,27385,0.882,245938,7.92
2020,7,4,56,1338,0.458,15386,5.26
2020,7,11,1,20563,0.917,137951,6.15
2020,7,11,2,9572,2.75,52797,15.2
2020,7,11,4,28695,0.808,256114,7.21
2020,7,11,5,14155,1.04,113238,8.31
2020,7,11,6,284914,1.47,3231721,16.6
2020,7,11,8,10554,0.335,238778,7.58
2020,7,11,9,9955,0.52,264416,13.8
2020,7,11,10,3167,0.65,45361,9.31
2020,7,11,11,3300,0.805,75825,18.5
2020,7,11,12,132831,1.29,1047632,10.1
2020,7,11,13,138452,2.71,931169,18.2
2020,7,11,15,7668,1.15,136170,20.5
2020,7,11,16,5458,0.619,34224,3.88
2020,7,11,17,38261,0.594,703024,10.9
2020,7,11,18,28360,0.837,218529,6.45
2020,7,11,19,10653,0.613,144937,8.34
2020,7,11,20,13368,0.899,94929,6.39
2020,7,11,21,24544,1.18,183203,8.84
2020,7,11,22,26351,1.26,339244,16.2
2020,7,11,23,4696,0.678,65319,9.43
2020,7,11,24,19463,0.597,253313,7.77
2020,7,11,25,24131,0.632,561433,14.7
2020,7,11,26,27720,0.561,632566,12.8
2020,7,11,27,21637,0.696,353677,11.4
2020,7,11,28,12223,0.958,112414,8.81
2020,7,11,29,16883,0.548,214194,6.95
2020,7,11,30,2990,0.56,42074,7.89
2020,7,11,31,7911,0.764,64865,6.27
2020,7,11,32,14666,0.951,310660,20.1
2020,7,11,33,2930,0.379,75453,9.75
2020,7,11,34,38825,0.864,530121,11.8
2020,7,11,35,6381,0.668,98489,10.3
2020,7,11,36,91546,0.962,1612378,16.9
2020,7,11,37,28108,0.553,393878,7.75
2020,7,11,38,1532,0.38,29157,7.22
2020,7,11,39,35755,0.616,470012,8.1
2020,7,11,40,9680,0.526,141612,7.69
2020,7,11,41,11713,0.557,218469,10.4
2020,7,11,42,44798,0.69,860080,13.2
2020,7,11,44,3133,0.564,68510,12.3
2020,7,11,45,19272,0.811,220369,9.27
2020,7,11,46,1216,0.262,19938,4.3
2020,7,11,47,22060,0.66,290280,8.68
2020,7,11,48,105516,0.751,1418602,10.1
2020,7,11,49,4792,0.298,74791,4.65
2020,7,11,50,1830,0.535,40165,11.7
2020,7,11,51,32292,0.732,404362,9.16
2020,7,11,53,45622,1.17,433180,11.1
2020,7,11,54,4070,0.511,68412,8.58
2020,7,11,55,29051,0.936,253816,8.17
2020,7,11,56,1485,0.508,15196,5.2
},,,,,,,